mean_fit_time,std_fit_time,mean_score_time,std_score_time,param_solver,param_max_iter,param_class_weight,param_C,params,split0_test_score,split1_test_score,split2_test_score,split3_test_score,split4_test_score,mean_test_score,std_test_score,rank_test_score,split0_train_score,split1_train_score,split2_train_score,split3_train_score,split4_train_score,mean_train_score,std_train_score
0.2511312484741211,0.07355078078369535,0.009345293045043945,0.001799887478347447,lbfgs,1000,balanced,0.1,"{'solver': 'lbfgs', 'max_iter': 1000, 'class_weight': 'balanced', 'C': 0.1}",0.8017080069466682,0.8021305975587227,0.8116719660837308,0.8135681637519873,0.8084611428037033,0.8075079754289625,0.0048482791974626465,1,0.812065779584991,0.8119083954032614,0.8094577540921203,0.8091744499429006,0.810213749524172,0.810564025709489,0.001211614269031597
0.5142460346221924,0.07979291389417725,0.008040285110473633,0.0012856023822115134,liblinear,1000,balanced,0.05,"{'solver': 'liblinear', 'max_iter': 1000, 'class_weight': 'balanced', 'C': 0.05}",0.8015929765147826,0.8021773895988118,0.8116558924841796,0.8135321199226908,0.808435814707441,0.8074788386455811,0.004852927594588436,2,0.8120288769678008,0.8118987739288124,0.8094421621621621,0.8091550209364293,0.8101743738104302,0.8105398415611271,0.0012099684726942649
0.38317112922668456,0.026803102126848,0.008431100845336914,0.0013632312068326327,liblinear,3000,balanced,0.05,"{'solver': 'liblinear', 'max_iter': 3000, 'class_weight': 'balanced', 'C': 0.05}",0.8015929765147826,0.8021773895988118,0.8116558924841796,0.8135321199226908,0.808435814707441,0.8074788386455811,0.004852927594588436,2,0.8120288769678008,0.8118987739288124,0.8094421621621621,0.8091550209364293,0.8101743738104302,0.8105398415611271,0.0012099684726942649
0.47797646522521975,0.024639496709559807,0.008461189270019532,0.0016007214341149283,liblinear,2000,,0.1,"{'solver': 'liblinear', 'max_iter': 2000, 'class_weight': None, 'C': 0.1}",0.8015071911079527,0.8020399379810502,0.811702164967736,0.8134045052838306,0.808675944543159,0.8074659487767457,0.004891307736583133,4,0.8120458363389023,0.8118906443918572,0.8094490140845071,0.8091689379520366,0.8101759878188047,0.8105460841172215,0.0012078215551669966
0.2022615909576416,0.014937582052185096,0.008081912994384766,0.0017623414460181403,lbfgs,3000,balanced,0.25,"{'solver': 'lbfgs', 'max_iter': 3000, 'class_weight': 'balanced', 'C': 0.25}",0.8017080069466683,0.8020014320313936,0.8116914492347018,0.8135832631939899,0.8083393731101345,0.8074647049033775,0.004879632967928013,5,0.812069037489314,0.8119171338942958,0.8094584849638371,0.8091932089836316,0.8102041872858774,0.8105684105233912,0.0012105129996437636
0.19763617515563964,0.012353219241839434,0.00768437385559082,0.0009634165332243013,lbfgs,2000,balanced,0.25,"{'solver': 'lbfgs', 'max_iter': 2000, 'class_weight': 'balanced', 'C': 0.25}",0.8017080069466683,0.8020014320313936,0.8116914492347018,0.8135832631939899,0.8083393731101345,0.8074647049033775,0.004879632967928013,5,0.812069037489314,0.8119171338942958,0.8094584849638371,0.8091932089836316,0.8102041872858774,0.8105684105233912,0.0012105129996437636
0.4027066230773926,0.04206156181848115,0.008415842056274414,0.0014792124770214303,liblinear,1000,balanced,0.1,"{'solver': 'liblinear', 'max_iter': 1000, 'class_weight': 'balanced', 'C': 0.1}",0.8016587778211579,0.8020696704231902,0.8116427413572742,0.8135257878986254,0.808402206272016,0.8074598367544528,0.004855650159013987,7,0.8120594464625689,0.8119180473254143,0.8094671031594975,0.8091855348306053,0.8102047658926531,0.8105669795341479,0.0012084831765128263
0.3160845756530762,0.016416632198451235,0.008775615692138672,0.0015830127034538847,lbfgs,2000,,0.05,"{'solver': 'lbfgs', 'max_iter': 2000, 'class_weight': None, 'C': 0.05}",0.8014175063644486,0.8021418081516608,0.8116807335016678,0.8134064535989277,0.8086476939742512,0.8074588391181912,0.004886315704208257,8,0.8120002256783816,0.8118460689532709,0.8094105519604112,0.8091332470498668,0.8101446212409593,0.8105069429765781,0.0012036230646224424
0.4840665340423584,0.03413206503898046,0.009495210647583009,0.002367504814225515,liblinear,1000,,0.25,"{'solver': 'liblinear', 'max_iter': 1000, 'class_weight': None, 'C': 0.25}",0.8016280705448495,0.8019858346846971,0.8116651469808909,0.8133859962904081,0.8086243141930859,0.8074578725387864,0.004860744493258381,9,0.8120698595773207,0.8118930497604694,0.809461560715645,0.8091878188047202,0.8101857023220403,0.8105595982360392,0.0012071657422129576
0.20037531852722168,0.011344886935407866,0.007217836380004883,0.0010165699796817636,lbfgs,3000,balanced,5.0,"{'solver': 'lbfgs', 'max_iter': 3000, 'class_weight': 'balanced', 'C': 5.0}",0.8017372519717239,0.8019551274083888,0.811714829015867,0.8135637800430188,0.8083106354624521,0.8074563247802902,0.0048813252537934825,10,0.8120771670262693,0.8119094915206037,0.8094586676817663,0.8092057251617816,0.8102057403882758,0.8105713583557395,0.0012078717790950345
0.19978270530700684,0.026751786643773392,0.009562492370605469,0.0016684544839388124,lbfgs,3000,balanced,2.0,"{'solver': 'lbfgs', 'max_iter': 3000, 'class_weight': 'balanced', 'C': 2.0}",0.8017348148863027,0.8019624386646527,0.8116963200224445,0.8135642671217931,0.8083125837775491,0.8074540848945484,0.004877215061982661,11,0.8120771974739733,0.8119100395792749,0.8094572668443091,0.8092058774267225,0.8102062885420631,0.8105713339732684,0.0012081914498526464
0.19068942070007325,0.017453533609708693,0.007087087631225586,0.0015641278620360725,lbfgs,2000,balanced,2.0,"{'solver': 'lbfgs', 'max_iter': 2000, 'class_weight': 'balanced', 'C': 2.0}",0.8017348148863027,0.8019624386646527,0.8116963200224445,0.8135642671217931,0.8083125837775491,0.8074540848945484,0.004877215061982661,11,0.8120771974739733,0.8119100395792749,0.8094572668443091,0.8092058774267225,0.8102062885420631,0.8105713339732684,0.0012081914498526464
0.1995246410369873,0.02085636436220457,0.007837581634521484,0.0016504035398586176,lbfgs,1000,balanced,2.0,"{'solver': 'lbfgs', 'max_iter': 1000, 'class_weight': 'balanced', 'C': 2.0}",0.8017348148863027,0.8019624386646527,0.8116963200224445,0.8135642671217931,0.8083125837775491,0.8074540848945484,0.004877215061982661,11,0.8120771974739733,0.8119100395792749,0.8094572668443091,0.8092058774267225,0.8102062885420631,0.8105713339732684,0.0012081914498526464
0.2098261833190918,0.017931412965972796,0.009754276275634766,0.0016204808868462376,lbfgs,1000,balanced,1.0,"{'solver': 'lbfgs', 'max_iter': 1000, 'class_weight': 'balanced', 'C': 1.0}",0.8017304281325444,0.8019707247550851,0.8117158031734155,0.8135618317279217,0.8082882298388355,0.8074534035255605,0.004878321323653509,14,0.8120772279216771,0.8119154592705783,0.8094543738104301,0.8092033193757138,0.8102099124476589,0.8105720585652116,0.0012102955207071782
0.20091147422790528,0.0211243615960195,0.0075873851776123045,0.0014165509764743028,lbfgs,2000,balanced,1.0,"{'solver': 'lbfgs', 'max_iter': 2000, 'class_weight': 'balanced', 'C': 1.0}",0.8017304281325444,0.8019707247550851,0.8117158031734155,0.8135618317279217,0.8082882298388355,0.8074534035255605,0.004878321323653509,14,0.8120772279216771,0.8119154592705783,0.8094543738104301,0.8092033193757138,0.8102099124476589,0.8105720585652116,0.0012102955207071782
0.18571925163269043,0.036276243859733555,0.011256027221679687,0.003244015775612738,lbfgs,3000,,2.0,"{'solver': 'lbfgs', 'max_iter': 3000, 'class_weight': None, 'C': 2.0}",0.8016378188865346,0.8019458664837879,0.8116071846067521,0.8133845350540853,0.8086671771252221,0.8074485164312764,0.004859204345817938,16,0.8120714733056302,0.8118915882706796,0.8094550437761706,0.8091956756756757,0.810176018271793,0.8105579598599899,0.0012072621216212389
0.45778212547302244,0.054448696833468105,0.0096466064453125,0.0016007758078259654,liblinear,2000,balanced,0.5,"{'solver': 'liblinear', 'max_iter': 2000, 'class_weight': 'balanced', 'C': 0.5}",0.8017367645546396,0.8020063062022361,0.8116558924841797,0.8135408873406278,0.808296510177998,0.8074472721519363,0.0048534491627771955,17,0.8120726912137882,0.8119151852412428,0.8094565968785686,0.8092113589645984,0.8102098210886943,0.8105731306773784,0.0012068849185891124
0.42663145065307617,0.046387259568317254,0.010066413879394531,0.0010059408450653492,liblinear,1000,balanced,0.25,"{'solver': 'liblinear', 'max_iter': 1000, 'class_weight': 'balanced', 'C': 0.25}",0.801727991047123,0.8020087432876576,0.8116593020355997,0.8135296845288195,0.8083072259110321,0.8074465893620463,0.00485312737857919,18,0.8120713819625183,0.8119188998611249,0.8094596117244005,0.8092072478111915,0.8102103996954702,0.810573508210941,0.0012077239026124372
0.40371479988098147,0.04932535448167998,0.007979917526245116,0.001843625730017086,liblinear,2000,balanced,0.25,"{'solver': 'liblinear', 'max_iter': 2000, 'class_weight': 'balanced', 'C': 0.25}",0.801727991047123,0.8020087432876576,0.8116593020355997,0.8135296845288195,0.8083072259110321,0.8074465893620463,0.00485312737857919,18,0.8120713819625183,0.8119188998611249,0.8094596117244005,0.8092072478111915,0.8102103996954702,0.810573508210941,0.0012077239026124372
0.432429838180542,0.02128921883334807,0.00962376594543457,0.0007744500320765555,liblinear,1000,,0.05,"{'solver': 'liblinear', 'max_iter': 1000, 'class_weight': None, 'C': 0.05}",0.8013312335405344,0.80213254722706,0.8116895009196048,0.8133343659403347,0.8086778928582561,0.8074331080971578,0.004895304520343519,20,0.8119931313633608,0.8118501489456005,0.8094113132851161,0.8091371754853446,0.8101277502854968,0.8105039038729837,0.0012027773287932183
0.5868110179901123,0.10249391444304036,0.009059333801269531,0.0012851217240581103,liblinear,2000,balanced,2.0,"{'solver': 'liblinear', 'max_iter': 2000, 'class_weight': 'balanced', 'C': 2.0}",0.8017382268058926,0.8019658505842425,0.8116407930421773,0.813523839583528,0.8082546214034103,0.8074246662838501,0.004853838235067727,21,0.8120717168872619,0.8119148503164992,0.8094581499809669,0.8092133688618196,0.8102166121050627,0.8105749396303221,0.0012054207147489887
0.4493874073028564,0.056241649658016764,0.009893369674682618,0.0021900934635416987,liblinear,3000,balanced,10.0,"{'solver': 'liblinear', 'max_iter': 3000, 'class_weight': 'balanced', 'C': 10.0}",0.8017382268058925,0.8019580519108943,0.8116325127030145,0.813525300819851,0.8082604663487017,0.8074229117176708,0.004854724013249299,22,0.8120707730084393,0.8119135410652294,0.809459550818424,0.8092146174343358,0.8102153939855349,0.8105747752623926,0.001204426246046419
0.5303213596343994,0.021302773946752365,0.009286069869995117,0.0009596238828715519,liblinear,3000,,1.0,"{'solver': 'liblinear', 'max_iter': 3000, 'class_weight': None, 'C': 1.0}",0.8016802241728653,0.8019448916496192,0.8115862402194582,0.8133251114436236,0.8085648905826242,0.807420271613638,0.0048261891964432235,23,0.8120757055364795,0.8118957596061213,0.8094545869813475,0.8091947011800533,0.8101878340312143,0.8105617174670432,0.0012088083858139641
0.5225692749023437,0.02326269999107271,0.010476779937744141,0.0021278461425886337,liblinear,2000,,1.0,"{'solver': 'liblinear', 'max_iter': 2000, 'class_weight': None, 'C': 1.0}",0.8016802241728653,0.8019448916496192,0.8115862402194582,0.8133251114436236,0.8085648905826242,0.807420271613638,0.0048261891964432235,23,0.8120757055364795,0.8118957596061213,0.8094545869813475,0.8091947011800533,0.8101878340312143,0.8105617174670432,0.0012088083858139641
0.5079903602600098,0.048793965192168574,0.009808206558227539,0.001978166089269754,liblinear,3000,,2.0,"{'solver': 'liblinear', 'max_iter': 3000, 'class_weight': None, 'C': 2.0}",0.8017060572783313,0.8019249075491645,0.8115706536986814,0.813301244583684,0.8085687872128182,0.8074143300645359,0.004816257837132984,25,0.8120763144905586,0.8118985607948849,0.8094531556909021,0.8091954625047584,0.8101839055957365,0.8105614798153681,0.0012099138471836854
0.504362678527832,0.0540842556033181,0.00861530303955078,0.0013452295898015033,liblinear,3000,,10.0,"{'solver': 'liblinear', 'max_iter': 3000, 'class_weight': None, 'C': 10.0}",0.8017099566150053,0.8019288068858386,0.8115575025717761,0.8132919900869727,0.808568300134044,0.8074113112587273,0.004809889980347074,26,0.8120748225530648,0.8119002049708983,0.8094538256566425,0.8091975637609441,0.8101837228778074,0.8105620279638716,0.0012093183885303286
0.2253035545349121,0.014388744542393219,0.007848358154296875,0.0003572285520919619,lbfgs,3000,balanced,0.01,"{'solver': 'lbfgs', 'max_iter': 3000, 'class_weight': 'balanced', 'C': 0.01}",0.8007994615016052,0.8023860041108756,0.8116398188846287,0.8127206466847471,0.808081221359768,0.8071254305083249,0.0047974937014137525,27,0.8115091042136302,0.8114325282381903,0.8089765055196041,0.8087077883517321,0.8096802436239058,0.8100612339894125,0.0011941842997532188
0.2956044673919678,0.01065451249253532,0.009242916107177734,0.0017355993112354736,liblinear,3000,balanced,0.01,"{'solver': 'liblinear', 'max_iter': 3000, 'class_weight': 'balanced', 'C': 0.01}",0.800711239009354,0.8023991643721508,0.8115443514448705,0.8125837775491754,0.8081201876617101,0.8070717440074521,0.0047702198991147245,28,0.8114745156219405,0.8113937074156511,0.8089492500951656,0.8086765740388275,0.8096365435858395,0.810026118151485,0.0011917078578923353
0.2759978771209717,0.028718901998322607,0.009810495376586913,0.00032252305911572996,liblinear,1000,,0.01,"{'solver': 'liblinear', 'max_iter': 1000, 'class_weight': None, 'C': 0.01}",0.8003515252011691,0.8022363670660075,0.8114401165871755,0.8120012313351413,0.8082531601670875,0.8068564800713162,0.004755813003273893,29,0.8112146140210033,0.8111096912331834,0.8086856490293111,0.8084563380281691,0.8093300951655881,0.809759277495451,0.0011811984148851948
0.2775660514831543,0.02431637357897642,0.008829069137573243,0.0015507991589294257,liblinear,3000,,0.01,"{'solver': 'liblinear', 'max_iter': 3000, 'class_weight': None, 'C': 0.01}",0.8003515252011691,0.8022363670660075,0.8114401165871755,0.8120012313351413,0.8082531601670875,0.8068564800713162,0.004755813003273893,29,0.8112146140210033,0.8111096912331834,0.8086856490293111,0.8084563380281691,0.8093300951655881,0.809759277495451,0.0011811984148851948
